-- MySQL dump 10.13  Distrib 8.0.27, for Linux (x86_64)
--
-- Host: 127.0.0.1    Database: ssdproject
-- ------------------------------------------------------
-- Server version	8.0.27-0ubuntu0.21.10.1

CREATE DATABASE IF NOT EXISTS ssdproject; 
USE ssdproject;

/*!40101 SET @OLD_CHARACTER_SET_CLIENT=@@CHARACTER_SET_CLIENT */;
/*!40101 SET @OLD_CHARACTER_SET_RESULTS=@@CHARACTER_SET_RESULTS */;
/*!40101 SET @OLD_COLLATION_CONNECTION=@@COLLATION_CONNECTION */;
/*!50503 SET NAMES utf8 */;
/*!40103 SET @OLD_TIME_ZONE=@@TIME_ZONE */;
/*!40103 SET TIME_ZONE='+00:00' */;
/*!40014 SET @OLD_UNIQUE_CHECKS=@@UNIQUE_CHECKS, UNIQUE_CHECKS=0 */;
/*!40014 SET @OLD_FOREIGN_KEY_CHECKS=@@FOREIGN_KEY_CHECKS, FOREIGN_KEY_CHECKS=0 */;
/*!40101 SET @OLD_SQL_MODE=@@SQL_MODE, SQL_MODE='NO_AUTO_VALUE_ON_ZERO' */;
/*!40111 SET @OLD_SQL_NOTES=@@SQL_NOTES, SQL_NOTES=0 */;

--
-- Table structure for table `chat`
--

DROP TABLE IF EXISTS `chat`;
/*!40101 SET @saved_cs_client     = @@character_set_client */;
/*!50503 SET character_set_client = utf8mb4 */;
CREATE TABLE `chat` (
  `workshopid` int NOT NULL,
  `groupid` int NOT NULL,
  `userid` int NOT NULL,
  `messageid` int NOT NULL AUTO_INCREMENT,
  `text` varchar(1024) NOT NULL,
  PRIMARY KEY (`messageid`)
) ENGINE=InnoDB AUTO_INCREMENT=153 DEFAULT CHARSET=latin1;
/*!40101 SET character_set_client = @saved_cs_client */;

--
-- Dumping data for table `chat`
--

LOCK TABLES `chat` WRITE;
/*!40000 ALTER TABLE `chat` DISABLE KEYS */;
INSERT INTO `chat` VALUES (1,1,1,105,'hello gagan'),(1,1,1,106,'hello karan'),(1,1,1,107,'hello abhidha'),(1,1,1,108,'hello kiranmai'),(1,1,1,109,'hello everyone'),(1,1,1,110,'retrieved from db'),(1,1,1,111,'hello kiranmai 1234'),(1,1,1,112,'asdasdkjh'),(1,1,1,113,'asdasdkjh'),(1,1,1,114,'asdasdkjh'),(1,1,1,115,'test1'),(1,1,1,116,'test1'),(1,1,1,117,'test1'),(1,1,1,118,'test1'),(1,1,1,119,'test1'),(1,1,1,120,'test1121'),(1,1,1,121,'test1121231'),(1,1,1,122,'test1121231qw'),(1,1,1,123,'test1121231qw'),(1,1,1,124,'aSAA'),(1,1,1,125,'ASAs'),(1,1,1,126,'hi how you are'),(1,1,1,127,''),(1,1,1,128,''),(1,1,1,129,'zXZZ'),(1,1,1,130,'zxX'),(1,1,1,131,'ZXZX'),(1,1,1,132,'zxZXzx'),(1,1,1,133,'wefqwghefqw'),(1,1,1,134,'asda'),(1,1,1,135,'bvmvbmvb'),(1,1,1,136,'dfsdfsdf'),(1,1,1,137,'sdfsf'),(1,1,1,138,'sdfsdf'),(1,1,1,139,'sfddsfsd'),(1,1,1,140,'hello'),(1,1,12,141,'sdfsd'),(1,1,10,142,'dgffdsgsdfgsdg'),(1,1,10,143,'vxvxvxcvzx'),(1,0,9,144,'hello db'),(1,0,9,145,'hello gagan'),(1,0,9,146,'hello 123'),(1,0,9,147,'hello'),(1,0,12,148,'hi'),(1,0,9,149,'how r u'),(1,0,9,150,'how r u'),(1,0,9,151,'hi'),(1,0,9,152,'i am file');
/*!40000 ALTER TABLE `chat` ENABLE KEYS */;
UNLOCK TABLES;

--
-- Table structure for table `finalwall`
--

DROP TABLE IF EXISTS `finalwall`;
/*!40101 SET @saved_cs_client     = @@character_set_client */;
/*!50503 SET character_set_client = utf8mb4 */;
CREATE TABLE `finalwall` (
  `workshopid` int NOT NULL,
  `grpid` int NOT NULL,
  `notesid` int DEFAULT NULL,
  `notes` varchar(4096) DEFAULT NULL,
  `imgid` int DEFAULT NULL,
  `image` longtext,
  `uniqueid` int NOT NULL AUTO_INCREMENT,
  PRIMARY KEY (`uniqueid`)
) ENGINE=InnoDB AUTO_INCREMENT=12 DEFAULT CHARSET=latin1;
/*!40101 SET character_set_client = @saved_cs_client */;

--
-- Dumping data for table `finalwall`
--

LOCK TABLES `finalwall` WRITE;
/*!40000 ALTER TABLE `finalwall` DISABLE KEYS */;
INSERT INTO `finalwall` VALUES (1,0,NULL,NULL,59,'data:image/png;base64,iVBORw0KGgoAAAANSUhEUgAAAUAAAAFoCAYAAAAmbyLxAAAAAXNSR0IArs4c6QAAHZlJREFUeF7tnXm0VdV5wL83wH0gyiAooIARNSVEU1qNiWnTNmlWViKDxCEVTSVIjEGLCopNVtMsm6x2CSJ5iAkSdUXjrBUENSutTYfU2kSbQUsdcGCQWQQUgfd4Q9d9+O4773juu2fYZ589/PxP2MO3f9/nz7P3GW7djicXdAr/QAACEPCQQB0C9DDrLBkCEOgigAApBAhAwFsCCNDb1LNwCEAAAVIDEICAtwQQoLepZ+EQgAACpAYgAAFvCSBAb1PPwiEAAQRIDUAAAt4SQIDepp6FQwACCJAagAAEvCWAAL1NPQuHAAQQIDUAAQh4SwABept6Fg4BCCBAagACEPCWAAL0NvUsHAIQQIDUAAQg4C0BBOht6lk4BCCAAKkBCEDAWwII0NvUs3AIQAABUgMQgIC3BBCgt6ln4RCAAAKkBiAAAW8JIEBvU8/CIQABBEgNQAAC3hJAgN6mnoVDAAIIkBqAAAS8JYAAvU09C4cABBAgNQABCHhLAAF6m3oWDgEIIEBqAAIQ8JYAAvQ29SwcAhBAgNQABCDgLQEE6G3qWTgEIIAAqQEIQMBbAgjQ29SzcAhAAAFSAxCAgLcEEKC3qWfhEIAAAqQGIAABbwkgQG9Tz8IhAAEESA1AAALeEkCA3qaehUMAAgiQGoAABLwlgAC9TT0LhwAEECA1AAEIeEsAAXqbehYOAQggQGoAAhDwlgAC9Db1LBwCEECA1AAEIOAtAQTobepZOAQggACpAQhAwFsCCNDb1LNwCEAAAVIDEICAtwQQoLepZ+EQgAACpAYgAAFvCSBAb1PPwiEAAQRIDUAAAt4SQIDepp6FQwACCJAagAAEvCWAAL1NPQuHAAQQIDUAAQh4SwABept6Fg4BCCBAagACEPCWAAL0NvUsHAIQQIDUAAQg4C0BBOht6lk4BCCAAKkBCEDAWwII0NvUs3AIQAABUgMQgIC3BBCgt6ln4RCAAAKkBiAAAW8JIEBvU8/CIQABBEgNQAAC3hJAgN6mnoVDAAIIkBqAAAS8JYAAvU09C4cABBAgNQABCHhLAAF6m3oWDgEIIEBqAAIQ8JYAAvQ29SwcAhBAgNSAcQRuW/WcfHvFz7vi+u5ln5Gvn3O6cTESkBsEEKAbeXRqFZd8d6X89Jl1XWv6widPlru+Pd2p9bEYcwggQHNyQSTvE5h63X3y32vfRIBURO4EEGDuiJkgKYEx59wsLa1tXd1uvOJz8tWzJyUdgvYQiEUAAcbCRCOdBI754sLKdDueXKBzaubyjAAC9Czhpi/3mz98Su5Y8+uuMEv9G2XTqnmmh0x8FhNAgBYnz8XQx02/WQ60HN7+nnXqWFl141+4uEzWZAgBBGhIIgjjMAG2v1SCTgIIUCdt5qpJAAHWREQDhQQQoEKYDJWdAALMzpAR4hNAgPFZ0TJnAl+Yf4/8z4tbumYZUGqUDSu5AZIzcu+HR4Del0A8AKOmLJaOjo5Yjevq6mTb49fGahtsdOrFP5Dtb+/r+qNRRw+S3/1kTuIx6ACBJAQQYBJanrXtll5nZ2fqlZdluOGxa6SpsbHmGGx/ayKigWICCFAxUNuHGzO9WVpbWyWL9KoxKMvwqaV/KaeOPzayCQK0vXrsix8B2pcz5RGfOXuFrN+6t6b0ygKL808ceZbH6t+/v2xaeVVlSAQYhy5tVBJAgCppWjTWV254VP7pV6/Fkt72J65LtbIx05dIa2tbzTnKg5dK/aSl5VBlHl6BS4WcTgkJIMCEwGxu/uOfPi/XL/tZTSGVr86mfXqCrLh+srLlfv6qu+W3r26vOndDQ4O0t7cjQGXEGSgOAQQYh5LlbY49e1Es6Q0sleSNR+fmvtqtW0V+f3bvmMpXfGyBc0fPBCECCNDhkhg5+aaaj66Ur7y2rplfKIVynMOPapIde/Z3xXHssEHywj08AlNoUjyZHAE6mOjjpy2R1kM952nhJdbX16d6Ti9PVKMnL5K2jsOP25wy9mj5z+WX5jkdY0OgiwACdKgQZv39Y/LE069EbnfL53qvP3KVHDGgv5ErZvtrZFqcDwoBOpDitjaR46ZFn/OVxZf2Lq5ONAhQJ23m6iaAAC2vhWo3OGwRXxn/8lXPyd++/ytw5X/nERjLi9Ki8BGgRckKhlrtBodN4utez4e/fIvsfvdA178OPXKAvPzgX1maFcK2jQACtC1j5bukVR5raSqVZGPgzQpblhbc/v7dZZ+Ry/kdYFtSZ32cCNCyFEbJr1Qq9XqlzLIl8fyfbQlzKF4EaFEyw9teG7e7Ubi5AWJREToWKgK0JKGuyu+sy26XV998uysLjfV1suXxdO8dW5JGwjSMAAI0LCFR4YyZ/n1paWmt/JUrV37lBY0/r1ne3d/StbYjB5bktUd6vg5jQWoI0XICCNDwBJa/z9fSclgQ3f+49JhI8EzzWzM/LVdf8AnDM0J4LhFAgAZn85QLmmXPPnflV0bP+Z/BBehBaAjQ0CTvO9gmJ37pZmev/LoXhgANLUBPwkKABia6/Grb6KkLe0W2ZfUCifGzGgaupu+QEKB1KXMqYARoYDqDUiiHN3hQSdY95ObNAQRoYAF6FBICNCzZYfnZ/pBzLbwIsBYh/j5PAggwT7oJxw6/5eG6/LgJkrBAaK6cAAJUjjTdgGH5NdTXy9YUPy6ebvbienEFWBx7ZuaDqEbUQFh+Jn6xOQ9Q537rAfnFbzd2DV1fVyfbUv76XB6xMaYfBLgCLDjPYfm59JZHLbS8BVKLEH+fNwEEmDfhPsYPv+Xhk/zKWE6YvkT2v/9bwANL/WT9ymsKzAZT+0gAARaY9eD5l2/yQ4AFFh5TVwggwIKKIfy4i0vv98ZFGmQwb8ZZ8tcX/1HcrrSDgBICCFAJxmSD+Pi4SxQh7gAnqxtaqyeAANUz7XPE489ZIq2tPb/Z68sdXwSoudCYLhYBBBgLk5pG4Xd8fTz3C5LkClBNXTFKegIIMD27xD059+uNDAEmLiE6KCaAABUDrTZc+NxvQKkkGyz8BTeVuBCgSpqMlYYAAkxDLWGfUVNukvb2jkovn8/92AInLB6a50oAAeaKV2TXnvdkwoxbK7P4fu6HAHMuOIZPRAABJsKVvDHnftWZsQVOXk/0UEsAAarl2Wu08LnfuofmyuBBTTnOaNfQCNCufLkYLQLMKavh3/FtaKiXrWuuzWk2O4dFgHbmzaWoEWAO2Rw3vVkOBH7KknO/aMgIMIfiY8hEBBBgIlzxGnPul5yTj+9Cx6NEqzwJIEDFdMPnfhtXz5MmF3/OLSO3c66/X/7rhU1do3CFnBEm3VMTQICp0X2wY/jcr9S/v2xadbXCGdwZim8BupNLm1eCABVlz/ePmybFiACTEqN9HgQQoCKqvn/cNCnGMdNulpZDbV3dSv0aZdNj85IOQXsIZCaAADMjFAmf+3GgXxtqkNkV531cvjPrT2t3ogUEFBNAgBmB8nHTdAB5BCYdN3qpJYAAM/Ds6OiUkZMXVUbgbmZ8mAgwPita5kcAAWZgy/N+6eEhwPTs6KmOAAJMyTK89V173xwZMWRQytH864YA/cu5iStGgCmysnnHXpk08za2vinYdXdBgBng0VUZAQSYAiVb3xTQQl0QYHaGjJCdAAJMyJCtb0JgEc1vuPPf5NZHftX1N9w4ys6TEdITQIAJ2K3fukc+fukKtr4JmEU15SHojADprowAAkyAkq1vAlh9NEWAajgySnYCCDAmw/CHDnjbIya4iGa8BZKeHT3VEkCAMXnyrm9MUDGacQMkBiSaaCGAAGNg5l3fGJASNEGACWDRNFcCCLAG3uOmLZZDh9orrUqlkmzy/AfNs1YkAsxKkP6qCCDAGiTZ+qoqtZ5xEKB6poyYjgAC7IMbW990RVWrFwKsRYi/10UAAVYhHf7Cc2NjvWxZzc9aqihMBKiCImOoIIAAq1Bk66uivD44Bm+B5MOVUdMRQIAR3MJb339eOls+dtKwdITp1YvA8dMWS+v7N5X4FD7FUTQBBBiRAa7+8ivL4P9cTjv5WHmq+ZL8JmNkCNQggABrCJA3PtT+N8T5n1qejJaNAAIM8Rs1ZbG0t/c894cAsxVYsPen59wpL61/q+uP+AqMOq6MlJ4AAgyxC27R+I80fWFF9Qyy/b0Thst//GCW2gkYDQIJCSBABJiwZNI3Z/ubnh098yGAABFgPpUVGvWPL79DXt64i+2vFtpMEpcAAkSAcWslU7vg9vfDY4+WXyy/NNN4dIaACgIIEAGqqKOaY7D9rYmIBgUQQIAIUEvZIUAtmJkkIQEEiAATlkzy5txZT86MHnoIIEAEmHulcfWXO2ImSEkAASLAlKUTvxsCjM+KlnoJIEAEmGvFnTHrNtmwbW/XHDxYnitqBk9BAAGGoI2avEjaOzorf9rQ0CBb18xPgZYuZQLBq7/xxw+VZ1Z8DTAQMIYAAoxIRfhzWPwOSPp6Zfubnh098yeAAKsw5kfQsxcfd3+zM2SEfAkgwCp829pERk9d2Otv+TJMsmLk6i8ZL1rrJ4AA+2A+4cJbZNfeA5UWHOLHL9BJl/xQNu98t9KB/3nEZ0dLfQQQYA3W4e8DIsF4xRm8+hs3crA8e+fX43WkFQQ0EkCAMWCPnHyTdHR0cCUYg1V3E7a/CWDRtDACCDAm+vCd4XI3tnXR8Lj5EbOoaFY4AQSYIAXhK8Fy1y2rF0hjY4JBPGjK1Z8HSXZkiQgwYSKjJLjuobkyeFBTwpHcbH7axbfKtrff4+aHm+l1blUIMEVKoyT4/N1zZOTwQSlGc6tL8OrvuBFHym/u+oZbC2Q1ThFAgCnTecoFzbJnX0uv3j9fNlM+euIxKUe0vxtXf/bn0LcVIMAMGf/IjFvkrT09zwmWhxpQKsmGlVdlGNXersGrv5HDjpDn77nC3sUQuRcEEGDGNE+8aJns3L2/1yg+vjvM1V/GQqJ7IQQQoALsEy+6VXbu7jn4Lw/pmwS5+lNQSAyhnQACVIQ86t3h+vp62fb4tYpmMHeYiTOWyc49PVfBPB9pbq6IrDcBBKi4IsJfkfFBglz9KS4ihtNGAAHmgDosQZffH+bqL4cCYkhtBBBgTqjDr865KsGg7EcMGShr77syJ6IMCwH1BBCgeqaVEaPeH3bp5ghXfzkWD0NrIYAAc8YcJUFXrga5+su5eBg+dwIIMHfEIuFvCnZPabMIR0+5Sdraez4Rxp1fDYXEFMoJIEDlSKsPGHU1WG5t2y/PXfidf5R/efa1ykI5+9NYREyllAACVIqz9mD7DrbJ+HOXSGdnz09vdvey5XwwuPW1+Sq2drZo4ToBBFhQhsdMb5aWlt4fUyiHYrpQwlexbH0LKiCmVUIAASrBmH4Qm84HT7lgqezZd7Cy2M+eMV7uv+Hc9IunJwQKJoAAC05A9/Q2nA8Gt76NDfWyZY37r/kZUh6EkRMBBJgT2DTDHmxrk3HTos8HB5ZKsr7Az2yx9U2TUfqYTgABGpghE88Hg1d/f/IHH5KHv3e+geQICQLJCCDAZLy0tjblfJBfedOadibTSAABaoSddqoizwfP/5uH5d9//UYldO76ps0i/UwkgABNzEpETOXvDR43bVHk84NDBpXklYfy+Qw/z/xZUiCEmYoAAkyFrbhO489tlncP6Hl+MPzrd1z9FZd3Zs6HAALMh2vuo+Z9PnjSec3yzv4e0Q4Z1CSvPDQ393UxAQR0EkCAOmnnMFce54PTv/mgPP27DZVoTX87JQesDOkJAQToQKL7Oh8cemRJXn4w2flg+IvWbH0dKBKWEEkAATpUGBMubJZdez94Plhe4pbVC6SxsfZikV9tRrRwhwACdCeXlZWkPR8Mb6c/9bFxsvIfvuwgIZYEgcMEEKDDlVDtfDDql+rCd3yPGliSVx9JtnV2GCVLc5QAAnQ0scFlxblREtz6+vBTnh6knSXGIIAAY0ByocnEi5bJzt09P17e15q46eFCxllDHAIIMA4lh9pUOx/sXuKZHx0jaxZe6NCKWQoEqhNAgJ5WR7VtMc/8eVoQni4bAXqa+PKyq0mw/He2/VCTx2lk6RkIIMAM8GzuOmXB/fLL/91UcwlFf4i1ZoA0gEAGAggwAzybu0Z95SXt84M2cyB2vwkgQA/zX+srL5wPelgUni4ZAXqY+LjP/MV5ftBDfCzZIQII0KFkxllK0h83Kn9oYfTUhZFD87xgHOK0MZkAAjQ5O4pj++L8e+W5FzdXRj19wnHy5OKLYs1S7YeauFscCx+NDCWAAA1NTB5hqfi8ffj8sBwnzw7mkS3G1EEAAeqgbMAcJ3xpiew/eKgSSZbta/hr0d2Dlkol2VTgbxcbgJkQLCOAAC1LWNpwVVz9heeOuknC1WDaDNGvCAIIsAjqmudMeuMjSXjVzgYHH1GSdQ/zOa0kLGmrnwAC1M9c+4zBq7+BTf1k/aPXKI8h6mqQz2opx8yAigkgQMVATRsuz6u/8Fqj3iRhS2xaRRBPkAACdLgewo+9ZLnxERdTR2enjDx70Qea65g7boy0g0A3AQTocC3kceMjLq6ox2W4SxyXHu10EUCAukhrnkflYy9pQ4+6QcK5YFqa9MuDAALMg6oBYwbP/vK68RFnmZt3vCOTZi7v1ZRzwTjkaKODAALUQbmAOYLbXxPO36LuEq+9b46MGDKoADpMCYHDBBCgo5VgmgDLmDkXdLTYLF4WArQ4edVCD15tmbbd5FzQwYKzeEkI0OLkVQs9ePU36ZRR8rPvf8WoVb6+Zbd8YvaPOBc0Kit+BoMAHcy7idvfKMxR54LP3z1HRg7nXNDBsjRySQjQyLSkD+rzV/9EfvPK1soAJtwA6Ws1UeeC/BBT+vzTMxkBBJiMl/GtTT7/qwaPc0Hjy8rZABGgY6m1Zfsbxr5x2145fdZtnAs6Vo+mLwcBmp6hhPHZKsDuZQbjL/+ZaXexE6aD5oYTQICGJyhJeMHzNJvFEb45YvNakuSPtvoJIED9zHObMXj1NKDUKBtWzsttrrwHDkuQH1/Km7if4yNAR/L+53Pvkudf3V5Zjel3f+Ng1/ktwzjx0MY9AgjQkZzaePc3DvrgVS1XgXGI0SYJAQSYhJbBbW2/+VENratiN7iUvAoNATqQbpe3igjQgQI1eAkI0ODkxA0tePV32knHylNLL4nb1fh2QQGyBTY+XdYFiACtS1nvgF28+RFcoatbe8vLzpnwEaDlqSzydz/yRvfC69vls1fe5dSd7byZMX4yAggwGS/jWrt8hcT5n3Hl5lxACNDilLouiKDcBzWV5PVHr7I4W4RuIgEEaGJWYsbk8s2PMgKXr25jpphmORNAgDkDzmv4secsloOt7c6ej42aslja291dX151wbjJCCDAZLyMaR3c/jb1b5CNq+YbE5uKQILr47eEVRBljCgCCNDSunB9exhc3//dN1eGD2myNFOEbTIBBGhydvqIzWUBbti2V84IfBzVhQ87WFpmzoeNAC1Mset3f135rqGFpeVdyAjQwpQHr/4mnniM/OuymRauonrIfAHGqXQavRgEaHR6ooNzeftbXrHr67Ow5JwNGQFalto/u/LHsvb1HZWoXTsfC/9CnGvrs6zcnA8XAVqWYtfP/1xfn2Xl5ny4CNCyFLu+PQyu78ZvfE6+OmWSZRkiXJsIIECbsuX4+dimHe/IH85c7uz23rJS8yJcBGhRmsdMWywth9x9PYztr0XF6EioCNCiRLr8etj4c5vl3QMtlWzw9WeLCtPiUBGgRclz+fzP5Q+7WlRi3oWKAC1KuasCdPlHnSwqLy9DRYCWpN3V18PCn70qlUqyaSUfPrWkLK0PEwFakkIXz/8OtrXJ2Kk3VzJQV1cn25+4zpKMEKYLBBCgJVl0cfsbXFM5Dbz1YUkxOhQmArQkma4JMLilL6dg8BElWfcwW19LytGZMBGgBal07fzvpPOa5Z39PY+88MVnC4rQ0RARoAWJde38j0deLCg6T0JEgBYk2qXtL4+8WFBwHoWIAC1ItisC5JEXC4rNsxARoOEJd+X8j0deDC80T8NDgIYn3pXzPx55MbzQPA0PARqeeBe2v+FHXoYeWZKXH+SRF8NLz4vwEKDhabZdgCef3yx73+ORF8PLzNvwEKDBqf/U5XfKuo1vVSK08U0JHnkxuMAITRCgwUVg+wdCeeTF4OIitC4CCNDgQghePZ08drg8vXyWwdH2Do1HXqxJldeBIkCD02/r+R+PvBhcVITWiwACNLggbBUgj7wYXFSEhgBtqAFbH4AOP/Iy7KiSvPQAj7zYUHM+xsgVoKFZt/EB6LD8+MqLocVFWBUCCNDQYrBt+xu+6cHXnQ0tLMJiC2xDDdgkwPBPWiI/GyqMGHkMxtAasOkB6AkzlsquPQd7kbTxgW1DS4GwcibAFjhnwGmGt+UB6LY2kdFTFyK/NEmmjxEEEKARaegdhC0PQIcfd9m4ep40NTYaSJSQIBBNAAEaWBk2nP+F5Tdi6EBZe++VBtIkJAhUJ4AADawO0wUYfseXX3QzsIgIKRYBBBgLk75Gpj8AHZZfQ0ODbF0zXx8gZoKAQgIIUCFMFUMFBdOvoUE2GyQXHnRWkWHGMIkAAjQpGyJi6vYX+RlWKISjhAACVIJR3SAmCpC3PNTll5HMIoAADcqHic//8ZaHQQVCKMoJIEDlSNMPGLz6G3/80fLMikvTD6ag50dm3CJv7TnQayTe8lAAliGMIYAAjUmFWed/vOVhUGEQSm4EEGBuaJMN/MnL7pDX3txV6VT0lRYfNU2WP1rbSQABGpI3k87/eMvDkKIgjNwJIMDcEcebwJS7v+EHnYcd1SQvPTA33iJoBQHLCCBAQxJmggB5y8OQYiAMbQQQoDbU1Scy4fW3sPz4nL0BhUEIuRNAgLkjrj1BUD6NDQ2yRfPrb8ivdo5o4SYBBGhAXovc/oblx+fsDSgIQtBGAAFqQx09Ufg1M52PvyC/gpPP9IUTQIAFp6Con79EfgUnnumNIIAAC05DEdtf5Fdw0pneGAIIsMBUnDn7dnljy9uVCHRsf5FfgQlnauMIIMACU6L77Q/kV2CymdpIAgiwwLTo3P4ivwITzdTGEkCABaZGlwCRX4FJZmqjCSDAgtKja/uL/ApKMNNaQQABFpQmHVd/yK+g5DKtNQQQYEGpyluAyK+gxDKtVQQQYAHpynv7i/wKSCpTWkkAARaQtuDV34dGD5Nf3j5bWRTITxlKBvKAAAIsIMl5bX+RXwHJZEqrCSBAzenL69t/yE9zIpnOCQIIUHMag1d/DQ0NslXBt/+Qn+YkMp0zBBCg5lSq3v4iP80JZDqnCCBAjekMfvtPxYdHg9vp8jJUjKkRB1NBoHACCFBjClQ+/oL8NCaOqZwlgAA1pvaMWT+SDdt2d82Y5WptwoVLZdfeg5XIs4ylcflMBQHjCCBAzSnJegY48aJbZefu95Cf5rwxnZsEEKDmvGYVYLB/OXQdH1HVjIjpIKCNAALUhvrwRFkEGJbf9icWSF2d5gUwHQQcIoAANSczrQDDj7uMGDpQ1t57pebomQ4CbhFAgJrzmUaAYfkdPbhJXrx/rubImQ4C7hFAgJpzmlSAYfnV19fLtsev1Rw100HATQIIUHNeg0IbN3KoPHvn16pGgPw0J4fpvCOAADWnPO7D0LzipjkxTOclAQSoOe1xBBi+28uDzpqTxHTeEECAmlPdlwDDr7eVQ0N+mhPEdF4RQICa0x0lwOBHEoLhcMNDc3KYzjsCCFBzysNne9Wm37zmWunXUK85OqaDgF8EEKDmfEdtc4MhqPpIquZlMR0ErCSAAAtIW9RVIOIrIBFM6T0BBFhQCZSvBDs7O6V8zqfis/gFLYNpIWA1AQRodfoIHgIQyEIAAWahR18IQMBqAgjQ6vQRPAQgkIUAAsxCj74QgIDVBBCg1ekjeAhAIAsBBJiFHn0hAAGrCSBAq9NH8BCAQBYCCDALPfpCAAJWE0CAVqeP4CEAgSwEEGAWevSFAASsJoAArU4fwUMAAlkIIMAs9OgLAQhYTQABWp0+gocABLIQQIBZ6NEXAhCwmgACtDp9BA8BCGQhgACz0KMvBCBgNQEEaHX6CB4CEMhCAAFmoUdfCEDAagII0Or0ETwEIJCFAALMQo++EICA1QT+H1HiNsPyKF8oAAAAAElFTkSuQmCC',3),(1,0,59,'sub prbhat',NULL,NULL,4),(1,0,74,'hello kiranmai',NULL,NULL,10),(1,0,75,'qwerty',NULL,NULL,11);
/*!40000 ALTER TABLE `finalwall` ENABLE KEYS */;
UNLOCK TABLES;

--
-- Table structure for table `group`
--

DROP TABLE IF EXISTS `group`;
/*!40101 SET @saved_cs_client     = @@character_set_client */;
/*!50503 SET character_set_client = utf8mb4 */;
CREATE TABLE `group` (
  `workshopid` int NOT NULL,
  `userid` int NOT NULL,
  `groupid` int NOT NULL,
  PRIMARY KEY (`workshopid`,`userid`,`groupid`)
) ENGINE=InnoDB DEFAULT CHARSET=latin1;
/*!40101 SET character_set_client = @saved_cs_client */;

--
-- Dumping data for table `group`
--

LOCK TABLES `group` WRITE;
/*!40000 ALTER TABLE `group` DISABLE KEYS */;
INSERT INTO `group` VALUES (1,9,1),(1,10,0),(1,11,1),(1,12,0),(1,13,0),(1,14,0),(1,15,1);
/*!40000 ALTER TABLE `group` ENABLE KEYS */;
UNLOCK TABLES;

--
-- Table structure for table `protoTable`
--

DROP TABLE IF EXISTS `protoTable`;
/*!40101 SET @saved_cs_client     = @@character_set_client */;
/*!50503 SET character_set_client = utf8mb4 */;
CREATE TABLE `protoTable` (
  `imgid` int NOT NULL AUTO_INCREMENT,
  `workshopid` int DEFAULT NULL,
  `grpid` int DEFAULT NULL,
  `image` longtext,
  PRIMARY KEY (`imgid`)
) ENGINE=InnoDB AUTO_INCREMENT=60 DEFAULT CHARSET=utf8mb4 COLLATE=utf8mb4_0900_ai_ci;
/*!40101 SET character_set_client = @saved_cs_client */;

--
-- Dumping data for table `protoTable`
--

LOCK TABLES `protoTable` WRITE;
/*!40000 ALTER TABLE `protoTable` DISABLE KEYS */;
INSERT INTO `protoTable` VALUES (59,1,0,'data:image/png;base64,iVBORw0KGgoAAAANSUhEUgAAAUAAAAFoCAYAAAAmbyLxAAAAAXNSR0IArs4c6QAAIABJREFUeF7tnXu8VVWdwH/ce+EAogiiAvIw8TFo2thoVjY52fTpIQ/xVYKlomkR4ZusmWqanJkSkK5vUUnNFB8jClrTaM5UY2Y6VjjkAzUeylMElLcXmM85l3vuvvuec/fae6+19tp7ff1P71q/tdb39ztf91771W31z6buEv6BAAQg4CGBbgjQw6yzZAhAoEIAAVIIEICAtwQQoLepZ+EQgAACpAYgAAFvCSBAb1PPwiEAAQRIDUAAAt4SQIDepp6FQwACCJAagAAEvCWAAL1NPQuHAAQQIDUAAQh4SwABept6Fg4BCCBAagACEPCWAAL0NvUsHAIQQIDUAAQg4C0BBOht6lk4BCCAAKkBCEDAWwII0NvUs3AIQAABUgMQgIC3BBCgt6ln4RCAAAKkBiAAAW8JIEBvU8/CIQABBEgNQAAC3hJAgN6mnoVDAAIIkBqAAAS8JYAAvU09C4cABBAgNQABCHhLAAF6m3oWDgEIIEBqAAIQ8JYAAvQ29SwcAhBAgNQABCDgLQEE6G3qWTgEIIAAqQEIQMBbAgjQ29SzcAhAAAFSAxCAgLcEEKC3qWfhEIAAAqQGIAABbwkgQG9Tz8IhAAEESA1AAALeEkCA3qaehUMAAgiQGoAABLwlgAC9TT0LhwAEECA1AAEIeEsAAXqbehYOAQggQGoAAhDwlgAC9Db1LBwCEECA1AAEIOAtAQTobepZOAQggACpAQhAwFsCCNDb1LNwCEAAAVIDEICAtwQQoLepZ+EQgAACpAYgAAFvCSBAb1PPwiEAAQRIDUAAAt4SQIDepp6FQwACCJAagAAEvCWAAL1NPQuHAAQQIDUAAQh4SwABept6Fg4BCCBAagACEPCWAAL0NvUsHAIQQIDUAARyQmDQqGmyY+euymwbG7rJikevyMnM3Z0mAnQ3N8wMAh0IIED9BYEA9TMlIgSMEBg8erq07NhZid3U2CDL519uZByfgiJAn7LNWnNNAAHqTx8C1M+UiBAwQgAB6seKAPUzJSIEjBBAgPqxIkD9TIkIASMEEKB+rAhQP1MiQsAIAQSoHysC1M+UiBAwQgAB6seKAPUzJSIEjBBAgPqxIkD9TIkIASMEEKB+rAhQP1MiQsAIgf1Pmia7drU+Cjegb2/5872TjYzjU1AE6FO2WWuuCez3uaur8/9l81ly5CGDc70eFyaPAF3IAnOAgAKBoABX/2yqQg+aRBFAgFGE+DsEHCGAAPUnAgHqZ0pECBghgAD1Y0WA+pkSEQLaCRz1pRtl5VsbK3G7desmqx7jXYA6ICNAHRSJAQHDBIJXgEvdm2TZI5caHtGP8AjQjzznapW3PPycfHvWk5U5f/+CE+XCk4/J1fxNTDYowNEfO0xu/9ZYE8N4FxMBepdy9xd89vfnys+fXlSZ6Gc/cojc+e1x7k/a8AzZ/zMDGAGa4UrUFATGXHGP/G7hGwgwwBABpiioLroiQDNciZqCwNCTr5Ft21sqEX74tU/JuScdnSJaMboiQDN5RIBmuBI1BQF+7B3hjb1yjjy9YGnlP3IFOEVh1eiKAPXyJFpKAt+86Qm5ff7zlSilHk2y7GGudg4eM11aWlo/htTQrZus5BaYlFXW3h0BakNJIB0Eho+7RrZsaz39/eiRw+ThH35BR9hcxwheAR6yX195/o4Lc70elyaPAF3KBnMRTn87F0GQyeKHLpHePbtTKZoIIEBNIAmjhwAC7FqAvARBT521RUGAenkSLSUBBIgAU5ZQrO4IMBYuGpsk8NnL7pb/fXF5ZYhepSZZMpcLIM1zfif/ctevq9g5AtRbgQhQL8/CRhs0eobs3Nl6JTLqn/KtGisfvTyqWae/H3nWjbLq7dYH/gft00f+9JNJsWMUrcNBp/5INm7ZXlkWt8Dozy4C1M+0MBHbpNf2GvYkCyv/aJc8con0bGqK7M7pb2dEwe+A9OjeJG/wEoTIOorTAAHGoeVB26HjmmX79u3Vb0/oXHJZhk9c+yU5csT+NcMiwM5YBp40TXbu/g5I/716yUtzvq4zJd7HQoDel4DIcefPksUrNkRKrywwlX9UjhjLsXr06CHL5l5UDYkAO9MN3gN48AH95Le3flklBbRRJIAAFUEVrdkXv/eQ/OfvX1OSXtKXbw4dN1O2b2+JHKPMtlTqLtu2vVfFzGZ/K4qgAE/84IEy56ozilaKma4HAWaK3+7gd/x8gXzj+l9ECql8dDb24yNl1jdGaZvgpy+6S/746qq6Yzc2NsqOHTsQYIh4UIBTJxwvl084XltOCCSCAD2oguCPqN5yy9LrXSrJXx6aYpzIihUif31++zduywOWj/g4Be6MPsjkT7MnyaCBfYznx6cBEGCBsz1w1PTIW1fKR14r5l+WKYXyPAfs1VNWr9/cetrXv4+8cDe3wJRZ8D8Fs6WJAM3yzST6kLEzZft77ftp4Uk0NDQkuk/P5GIGj5omLTt3VYY4dNg+8j83n2dyuNzERoBmU4UAzfK1Gn3ivz4ijz31Ss19tvIp7usPXiR79OphdU6qg/FDr00KLqoVlKwdAkzGzaleLS0iB4ztuKfWNsG8PD3ADx0BZvGjQoBZUNc4Zr0LHHkRXxnFzQ8/J9/Z/RW48r9zC0x7gfA/Bo0/lhqhEKBZvsai17vAkSfxtcE57PPXybp3t1T+td+eveTl+3jaoY0NAjT2E6oERoBm+RqJXu+or2epJEsDT1YYGdxA0OCP/J8vOFG+wneAq5QRoIGCC4REgGb5ao9eS36lUqnDI2XaBzUckB95fcCwMVt8CNAsX63Rw6e9eTzdrQWEHzkC1PpDiREMAcaAlWXTosrvoxfcJq++8XYFbVNDN1n+6BVZYnZubP7nYDYlCNAsXy3Rh477kWzb1vpSzPI/RTnyK69lxGnN8u7mbZV17dm7JK892P52GC3wchxk9aZN8v7Tb6iugKvj+pOJAPUz1Rqx/H6+bdtaBdH2T5F+CME9zW+d83G5+IwPa+WX52DX3v+MXHXHrwr3Pz2XcoIAXcpGaC6HntEs6zcWV37l5XKKV78AJ3znQXn8udcRoMHfKAI0CDdN6I1bW+SgU64p7JFf28IQYP0q+dgFt8kru/dHi7TtkeZ3obsvAtRNVEO88qNtg8dc3SHS8nlTReGzGhpGtxsCAdbnPfLM62XthtY35DSUPzT1GBeIdFcnAtRNVEO8oBTK4fr2Kcmi+4t5cQAB1i+Y4eNmypbdb8luamqQ5fPif2lPQzkWOgQCdCy9Yfnl/SbnKLwIsD6hwWOmS0tL66dIe5W6y5K5l0Th5O8xCSDAmMBMNg8/5VF0+ZVZIsD6FRX8ItyAvr3lz/dONll+XsZGgI6kPSy/xoYGWZHg4+KOLEd5GgiwPqpgTRw2pL/8Ztb5ylxpqEYAAapxMtoqLD8X39hsAsCp35ojv/nj0kpoNvk7Ew7Wxac/dJD85J9OM5EGr2MiwIzTH5afT7c78BRI18UXrI1vn3uCfP304zKu1uINjwAzzGn4KQ+f5FfGfuC4mbJ591XO3qXusphN/g7VGNweWDTncum7V0OG1VrMoRFghnkNFrhv8kOA0YXH/mg0o7QtEGBaggn7h293KdLzvapIggwuHf9RufKsj6l29aIdAjSfZgRonnGnEXy83aUWZn7gXRcffMz/OBGgecYdRhhy8kzZvr39m72+XPFFgPELDQHGZxa3BwKMSyxF+/Azvj7u+wXx8QPnCDDFz0lLVwSoBaNaEPb9OnJCgAhQ7ZdjrhUCNMe2Q+Twvl+vUkmW5PALbjpxIUAEqLOeksRCgEmoxewzaPR02bGj9aH28j8+7/txCqxePPwPQp1V0pYIMCk5xX5r12+SkePbv+vg+74fAlQsHF4UoQ4qRUsEmAKeSlf2/epT4giHU2CV35DJNgjQIN3wvt+i+6dI3z49DY6Yr9AIEAFmXbEI0FAGwt/xbWxskBXzeaMvp8BqBXfr/OflH256otKYbRM1ZklaIcAk1CL6DB/XLFsCn7KkgGsD4wiwfiFNvGquPPrbRQjQwO8zGBIBGgDMvp8aVARYn9MJX/2xvLhkDQJUK6XErRBgYnS1O4b3/ZbOu1R6FvFzbim5nfyNe+W3LyzjB16H4+Hjb5C31m+q/JWXxaYsti66I0CNbMP7fqUePWTZwxdrHKE4oXgXYNe5fN8pM2XT1tZnxrs3Ncqb8y4rTvIdWgkC1JQM319uGhcjAuyaGHziVlSy9ggwGbdOvXx/uWlcjEPHXiPb3mupdCt1b5Jlj1waN0Sh2yNAO+lFgBo4h/f9fHy5aVyMQWZfO+1D8t2Jfxc3RKHbI0A76UWAKTnzctNkALkCzClwssrR2wsBpuC5c+cuGThqWjUC9/upw0SACFC9Wsy1RIAp2HK/X3J4CBABJq8efT0RYEKW4VPfhfdMkn337pMwmn/dECACdKHqEWCCLLy5eoMcfc4tnPomYNfWBQEiwBTlo60rAkyAklPfBNBCXRAgAkxfRekjIMCYDDn1jQmsRvPvzf5vueHB31f+woWj2jy5DSZ9nalEQIAqlHa3WbxivXzovFmc+sZgVqspN0FHA0SA0Yx0tECAMShy6hsDVhdNEWA0RwQYzUhHCwSoSDH8ogOe9lAEV6MZT4FEs0OA0Yx0tECAihR51lcRlEIzLoBEQ0KA0Yx0tECAChR51lcBUowmCDAaFgKMZqSjBQKMoHjA2Bny3ns7qq1KpZIs8/yD5mkLDwFGE0SA0Yx0tECAERQ59dVRZh1jIMBopggwmpGOFgiwC4qc+uoosc4xEGA0VwQYzUhHCwRYh2L4Dc9NTQ2yfB6ftdRRdAgwmiICjGakowUCrEORU18d5dU5Bk+BqHFFgGqc0rZCgDUIhk99H7/2fPnAwf3Tsqa/iAwZO0O2776oxKvw65cEArTzc0GANThz9Geu+IL/cznqkP3lieazzQ2W48gI0E7yEGCEAHniQ28hsv+nxhMBqnFK2woBhggOGj1Dduxov+8PAaYtsfb+H580W15a/FblP/AWmK65IkB9dddVJAQYohM8ReNHqrcIg2z/6sAB8usbJ+odoEDREKCdZCJABGin0kSE01911AhQnVWalggQAaapH+W+f/uV2+XlpWs5/VUkhgAVQaVshgARYMoSUusePP09bNg+8pubz1Pr6GkrBGgn8QgQAVqpNE5/42FGgPF4JW2NABFg0tqJ1Q8BxsIlCDAer6StESACTFo7yv24sq6MqtoQAcZnlqQHAkSASeomVh+O/mLhqjRGgPGZJemBABFgkrqJ1QcBxsKFAOPjStwDASLAxMWj0vHYibfIkpUbKk25sVyFWGsbjgDVWaVpiQBD9AaNmiY7du6q/tfGxkZZMf+yNIy97hs8+hsxpJ88PevLXvNQXTwCVCWVrh0CrMEv/DosvgOSvMg4/U3GDgEm4xa3FwKsQ4yPoMctpc7tufqbnCECTM4uTk8EWIdWS4vI4DFXd/grb4aJU1o8+xuPVsfWI05rlnc3b6v8xz17l+S1By9KE46+dQggwC5KY+SZ18naDVuqLdjEV/8dHX32TfLmmnerHfifhzq7cksEGI9X0tYIMIJc+P2ASFCt1IJbCMMH9pVnZ1+o1pFWFQII0E4hIEAFzgNHTZedO3dyJKjAqq0JFz9iwKrRFAGm46faGwEqkgpfGS5347SuNjwufigWVRfNEGB6hioREKAKpd1twkeC5f+8fN5UaWqKEcSDphz9pU8yAkzPUCUCAlShFGhTS4KL7p8iffv0jBmpmM2POusGWfn2puriOEpOlmcEmIxb3F4IMC4xEaklwQV3TZKBA/okiFasLsGjvwP23VP+cOdXi7VAS6tBgHZAI8CEnA89o1nWb2y9T6vtnyevP0fef9B+CSPmvxtHf/pyiAD1sewqEgJMwfnw8dfJW+vb7xMsh+pVKsmSuX7etBo8+hvYfw9ZcPfXUtD1uysCtJN/BJiS8xETrpc16zZ3iOLjs8Mc/aUspFB3BKiXZ71oCFAD5yMm3CBr1rVv/JdD+iZBjv40FFIgBALUyxMBGuZZ69nhhoYGWfno5YZHzj78EeOvlzXr24+CufKbPicIMD1DlQgcAapQitEm/BYZHyTI0V+MAlFsigAVQaVshgBTAqzVPSzBIj8/zNGfgQLiWWAzUGtERYCGUIcfnSuqBIOy33fv3rLwnsmGiPoVliNAO/lGgAY513p+uEgXRzj6M1c8CNAc22BkBGiYcy0JFuVokKM/c8WDAM2xRYB22FZHCb9TsO0PeRbh4NHTpWVH+yvCuPKrt6gQoF6e9aJxBGiHc2WUWkeD5f+ety/Pnfndf5dfPvtalRx7f/qLCAHqZ1orIgK0w7k6ysatLTLi1Jmya1f7pzfb/piX/cHgqW+ej2Itpz7WcAgwFq7EjRFgYnTpOg4d1yzbtnV8mUI5outCCR/Fcuqbrg7q9UaAZriGoyJAO5zrjpKn/cFDz7hW1m/cWl3LJ48dIfd+79SMCRZzeARoJ68I0A7nyFHysD8YPPVtamyQ5fOL/5hfZOIMNUCAhsCGwiJAO5yVRtna0iLDx9beH+xdKsniDF+zxamvUgq1NUKA2lB2GQgB2uEcaxQX9weDR38nfPB98sBVp8daE43jEUCA8XglbY0Ak5Kz0M+V/UG+8mYh2aEhDvv8dbLu3daX7fbbs5e8fN/X7U/CgxERYA6SnOX+4On/+ID86vm/VClx1ddOwSBAO5wRoB3OqUcpv2/wgLHTat4/uHefkrxyv5nX8HPPX+rUJQqAABNhi90JAcZGlm2HEac2y7tb7Nw/GP76HUd/9nKPAO2wRoB2OGsfxfT+4MGnNcs7m9tFu3efnvLK/VO0r4OAtQkgQDuVgQDtcDY2ion9wXHfvE+e+tOS6pxdfzrFGNwMAyNAO/ARoB3ORkfpan+w354lefm+ePuD4Tdac+prNH01gyNAO8wRoB3OVkYZeWazrN3QeX+wPPjyeVOlqSl6GsgvmpGNFgjQBmURBGiHs9VRku4Phk+nj//AcJn7b5+3OncGayWAAO1UAgK0wzmTUertD9b6Ul34iu9evUvy6oPxTp0zWWRBB0WAdhKLAO1wznQUlQslwVNfHz7lmWlCFAZHgAqQNDRBgBog5iHEEROulzXr2j9e3tWcueiRfUYRoJ0cIEA7nJ0Zpd7+YNsEj3v/UJl/9ZnOzNfXiSBAO5lHgHY4OzdKvdNi7vlzI1UI0E4eEKAdzk6OUk+C5cnm7UNNTgJOMSkEmAJejK4IMAasIjUdPfVeeeb/lkUuKesXsUZOsKANEKCdxCJAO5ydG6XWW16S3j/o3OIKMCEEaCeJCNAOZ6dGiXrLC/uD2acLAdrJAQK0w9mpUVTv+VO5f9CphRVoMkeedaOsentjZUX79+8jL9w9qUCrc2cpCNCdXFiZSdyPG5VftDB4zNU158b9guZShgDNsQ1GRoB2ODsxyucu+6k89+Kb1bkcM/IA+dmMCUpzq/ehJq4WK+GL3QgBxkaWqAMCTIQtn510vN4+vH9YJsG9g/rrAQHqZ1orIgK0wznzUQ48ZaZs3vpedR5pTl/Db4tuC1oqlWRZht8uzhyyxgkgQI0wuwiFAO1wznwUHUd/4UXUukjC0aCeVCNAPRyjoiDAKEIF+HvcCx9xllxvb7DvHiVZ9ACv04rDMtgWASYlF68fAozHK5etg0d/vXt2l8UPXaJ9HbWOBnmtVnLMCDA5uzg9EWAcWjlsa/LoL4yj1pMknBInKxoEmIxb3F4IMC6xHLUP3/aS5sKH6rJ37tolA0+a1qm5jbFV55iHdgjQTpYQoB3OmYxi4sKH6kJq3S7DVWJVeiLHTpwlS1aur3QYPnBveXb2BeqdaalMAAEqo8pXQ523vSRdea0LJOwLqtFEgGqc0rZCgGkJOto/uPdn6sKHytLfXP2OHH3OzR2asi8YTQ4BRjPS0QIB6qDoYIzg6a8L+2+1rhIvvGeS7Lt3HwfpZT8lBGgnBwjQDmfro7gmwDIA9gXVywABqrNK0xIBpqHnaN/g0ZZrp5vsC6oVDQJU45S2FQJMS9DB/sGjv6MPHSS/+NEXnZrl68vXyYfPv5V9wS6yggDtlCwCtMPZ6igunv7WAlBrX3DBXZNk4AD2BRGgnZ8MArTD2doon774J/KHV1ZUx3PhAkhXi6+1L8iHmLgP0NYPBgHaIm1pHJf3/+ohYF+wM5kTJv1YXly8pvKHkQfuK7+68VxLFeTXMAiwYPnOy+lvGPvSlRvkmIm3sC+4mwACtPPDRIB2OFsbJa8CbAMUnH/5v7l2FdtWIhGgHdII0A5nK6ME99PyLI7wxZE8ryVp4hFgUnLx+iHAeLycbh08eupVapIlcy91er5dTS4sQd8+voQA7ZQuArTD2fgofz/lTlnw6qrqOK5f/VUBYvNdhirzsdkGAdqhjQDtcDY+Sh6v/qpACR7V+nQUiABVqiN9GwSYnqETEfJ+8aMexKKKPapoEGAUIT1/R4B6OGYapcinigiQ+wBN/rgQoEm6lmIHj/6OOnh/eeLasy2NbH6YoAB9OgUefcU98szCNyqAjztiiMyfNt48bA9HQIA5T3oRL34EU1LUU/uoskOAUYT0/B0B6uGYWZQsv/thetEvvL5KPjn5zuowRbiyrcoMAaqSStcOAabjl3nvIh8h+br/Vy4qBGjnp4UA7XA2MkrRBRGUe5+eJXn9oYuMcHQxKAK0kxUEaIezkVGKfPGjDKzIR7dRBYEAowjp+TsC1MPRepRhJ8+Qrdt3FHZ/bNDoGbJjR3HXF1UwCDCKkJ6/I0A9HK1HCZ7+9uzRKEsfvsz6HEwOGFyfj98SRoAmq6s9NgK0w1n7KEU/PQyu78/3TJEBe/fUztDlgAjQTnYQoB3O2kcpsgCXrNwgxwZejurT7S9thYIAtf9kagZEgHY4ax2l6Fd/i/JewzRJR4Bp6Kn3RYDqrJxpGTz6O+Kg/eS/rj/HmbnpmIivb4AJsrvnFwvk4ub/qPynXqXusmTuJTrQEiNEAAHmsCSKfPpbTkfR16dacsNOvka2bm+pNL/pilFy6icOV+1KO0UCCFARlCvNPjH5Dln4+urqdIq2Pxb+QlzR1henju5/cqFMnv5YpUuP7o3yxiPFutIfh4WptgjQFFlDcYu+/1f09cUtiwNPmSmbt75X6TZzymdkwmeOihuC9l0QQIA5K4+inx4G1/fDr35Kzh19dM4ypHe6U2b+XOY8/kIl6MRRR8sPJn1K7wCeR0OAOSuAIgtw2ep35G/Oubmwp/dJSu3KGx+X2Y/+AQEmgafQBwEqQHKlydCxM2Tbe8V9PIzT386VhgDN/voQoFm+WqMX+fGwEac2y7tbtlV5+fT2566KBAFq/Ql1CoYAzfLVGr3Ip79FfrFrmiJAgGnoRfdFgNGMnGlRVAEW+aNOaYvnloefk2/PerIS5vsXnCgXnnxM2pD0DxBAgDkph6I+HhZ+7VWpVJJlc/158WlU+SHAKELp/o4A0/Gz1ruI+39bW1pk2Jhrqgy7desmqx67whrTPAyEAM1mCQGa5astehFPf4NrKoPy+amPeoXy1IKlMu7KOZU/z/3BF+T4o4ZpqykCiSDAnFRB0QQYPKUvp6DvHiVZ9ACnvjkpx8JMEwHmIJVF2/87+LRmeWdz+y0vPr7xOQdl58UUEWAO0ly0/T9ueclB0XkyRQSYg0QX6fSXW15yUHAeTREB5iDZRREgt7zkoNg8myICdDzhRdn/45YXxwvN0+khQMcTX5T9P255cbzQPJ0eAnQ88UU4/Q3f8tJvz5K8fB+3vDheel5MDwE6nua8C/CQ05tlwyZueXG8zLydHgJ0OPXHf2W2LFr6VnWGeXxSglteHC4wpsaTIC7XQN5fEMotLy5XF3MrE+AI0OE6CB49HTJsgDx180SHZ9txatzykptUeT1RBOhw+vO6/8ctLw4XFVPrQAABOlwQeRUgt7w4XFRMDQHmoQbyegN0+JaX/nuV5KU53PKSh5rzcY4cATqa9TzeAB2WH295cbS4mFaVAAJ0tBjydvobvujB250dLSymxSlwHmogTwIMf9IS+eWhwpgjt8E4WgN5ugF65PhrZe36rR1I5vGGbUdLgWkZJsApsGHAScLn5QbolhaRwWOuRn5JkkwfJwggQCfS0HESebkBOny7y9J5l0rPpiYHiTIlCNQmgAAdrIw87P+F5bdvv96y8KeTHaTJlCBQnwACdLA6XBdg+BlfvujmYBExJSUCCFAJk71Grt8AHZZfY2OjrJh/mT1AjAQBjQQQoEaYOkIFBdO9sVHedEgu3OisI8PEcIkAAnQpGyLi6ukv8nOsUJiOFgIIUAtGfUFcFCBPeejLL5HcIoAAHcqHi/f/8ZSHQwXCVLQTQIDakSYPGDz6GzFkH3l61nnJg2noefj46+St9Vs6ROIpDw1gCeEMAQToTCrc2v/jKQ+HCoOpGCOAAI2hjRf4IxfcLq+9sbbaKesjLV5qGi9/tM4nAQToSN5c2v/jKQ9HioJpGCeAAI0jVhvAlau/4Rud++/VU16aM0VtEbSCQM4IIEBHEuaCAHnKw5FiYBrWCCBAa6jrD+TC429h+fE6ewcKgykYJ4AAjSOOHiAon6bGRllu+fE35BedI1oUkwACdCCvWZ7+huXH6+wdKAimYI0AArSGuvZA4cfMbN7+gvwyTj7DZ04AAWacgqw+f4n8Mk48wztBAAFmnIYsTn+RX8ZJZ3hnCCDADFNx3Pm3yV+Wv12dgY3TX+SXYcIZ2jkCCDDDlNh++gP5ZZhshnaSAALMMC02T3+RX4aJZmhnCSDADFNjS4DIL8MkM7TTBBBgRumxdfqL/DJKMMPmggACzChNNo7+kF9GyWXY3BBAgBmlyrQAkV9GiWXYXBFAgBmky/TpL/LLIKkMmUsCCDCDtAWP/t43uL88c9v52maB/LShJJAHBBBgBkl7dGlyAAACt0lEQVQ2dfqL/DJIJkPmmgACtJw+U+/+Q36WE8lwhSCAAC2nMXj019jYKCs0vPsP+VlOIsMVhgACtJxK3ae/yM9yAhmuUAQQoMV0Bt/9p+PFo8HT6fIydMS0iIOhIJA5AQRoMQU6b39BfhYTx1CFJYAALab22Im3ypKV6yojpjlaG3nmtbJ2w9bqzNPEsrh8hoKAcwQQoOWUpN0DPGLCDbJm3SbkZzlvDFdMAgjQcl7TCjDYvzx1Gy9RtYyI4SBgjQACtIa6daA0AgzLb9VjU6VbN8sLYDgIFIgAArSczKQCDN/usm+/3rLwp5Mtz57hIFAsAgjQcj6TCDAsv3369pQX751ieeYMB4HiEUCAlnMaV4Bh+TU0NMjKRy+3PGuGg0AxCSBAy3kNCm34wH7y7Owv150B8rOcHIbzjgACtJxy1ZuhecTNcmIYzksCCNBy2lUEGL7ay43OlpPEcN4QQICWU92VAMOPt5WnhvwsJ4jhvCKAAC2nu5YAgy9JCE6HCx6Wk8Nw3hFAgJZTHt7bqzf8m/Mvl+6NDZZnx3AQ8IsAArSc71qnucEp6HpJquVlMRwEckkAAWaQtlpHgYgvg0QwpPcEEGBGJVA+Ety1a5eU9/l0vBY/o2UwLARyTQAB5jp9TB4CEEhDAAGmoUdfCEAg1wQQYK7Tx+QhAIE0BBBgGnr0hQAEck0AAeY6fUweAhBIQwABpqFHXwhAINcEEGCu08fkIQCBNAQQYBp69IUABHJNAAHmOn1MHgIQSEMAAaahR18IQCDXBBBgrtPH5CEAgTQEEGAaevSFAARyTQAB5jp9TB4CEEhDAAGmoUdfCEAg1wQQYK7Tx+QhAIE0BBBgGnr0hQAEck0AAeY6fUweAhBIQwABpqFHXwhAINcEEGCu08fkIQCBNAQQYBp69IUABHJN4P8B5/ut/06OstcAAAAASUVORK5CYII=');
/*!40000 ALTER TABLE `protoTable` ENABLE KEYS */;
UNLOCK TABLES;

--
-- Table structure for table `registration`
--

DROP TABLE IF EXISTS `registration`;
/*!40101 SET @saved_cs_client     = @@character_set_client */;
/*!50503 SET character_set_client = utf8mb4 */;
CREATE TABLE `registration` (
  `workshopid` int NOT NULL,
  `userid` int NOT NULL,
  PRIMARY KEY (`workshopid`,`userid`)
) ENGINE=InnoDB DEFAULT CHARSET=latin1;
/*!40101 SET character_set_client = @saved_cs_client */;

--
-- Dumping data for table `registration`
--

LOCK TABLES `registration` WRITE;
/*!40000 ALTER TABLE `registration` DISABLE KEYS */;
INSERT INTO `registration` VALUES (1,7),(1,8),(1,9),(1,10),(1,11),(1,12),(1,13),(1,14),(1,15);
/*!40000 ALTER TABLE `registration` ENABLE KEYS */;
UNLOCK TABLES;

--
-- Table structure for table `user`
--

DROP TABLE IF EXISTS `user`;
/*!40101 SET @saved_cs_client     = @@character_set_client */;
/*!50503 SET character_set_client = utf8mb4 */;
CREATE TABLE `user` (
  `userid` int NOT NULL AUTO_INCREMENT,
  `username` varchar(32) NOT NULL,
  `name` varchar(32) NOT NULL,
  `password` varchar(16) NOT NULL,
  `college` varchar(64) NOT NULL,
  `type` varchar(16) NOT NULL,
  PRIMARY KEY (`userid`)
) ENGINE=InnoDB AUTO_INCREMENT=20 DEFAULT CHARSET=latin1;
/*!40101 SET character_set_client = @saved_cs_client */;

--
-- Dumping data for table `user`
--

LOCK TABLES `user` WRITE;
/*!40000 ALTER TABLE `user` DISABLE KEYS */;
INSERT INTO `user` VALUES (7,'rajat@gmail.com','Rajat','qwerty','IIITH','admin'),(8,'gagan@gmail.com','Gagan','qwerty','IIITH','admin'),(9,'karan@gmail.com','Karan','qwerty','IIITH','participant'),(10,'q@g.com','q','qwerty','IIITH','participant'),(11,'w@g.com','w','qwerty','IIITH','participant'),(12,'e@g.com','e','qwerty','IIITH','participant'),(13,'r@g.com','r','qwerty','IIITH','participant'),(14,'t@g.com','t','qwerty','IIITH','participant'),(15,'y@g.com','y','qwerty','IIITH','participant'),(16,'y@g.com','y','qwerty','IIITH','participant'),(17,'u@g.com','u','qwerty','IIITH','participant'),(18,'C9Q8TCO@gmail.com','C9Q8TCO','qwerty','IIITH','admin'),(19,'PKJZFT3@gmail.com','PKJZFT3','qwerty','IIITH','participant');
/*!40000 ALTER TABLE `user` ENABLE KEYS */;
UNLOCK TABLES;

--
-- Table structure for table `wall`
--

DROP TABLE IF EXISTS `wall`;
/*!40101 SET @saved_cs_client     = @@character_set_client */;
/*!50503 SET character_set_client = utf8mb4 */;
CREATE TABLE `wall` (
  `workshopid` int NOT NULL,
  `grpid` int NOT NULL,
  `userid` int NOT NULL,
  `notesid` int NOT NULL AUTO_INCREMENT,
  `notes` varchar(2048) NOT NULL,
  PRIMARY KEY (`notesid`)
) ENGINE=InnoDB AUTO_INCREMENT=76 DEFAULT CHARSET=latin1;
/*!40101 SET character_set_client = @saved_cs_client */;

--
-- Dumping data for table `wall`
--

LOCK TABLES `wall` WRITE;
/*!40000 ALTER TABLE `wall` DISABLE KEYS */;
INSERT INTO `wall` VALUES (1,1,3,56,'hello'),(1,1,2,57,'Qwerty Hello From Karan\n'),(1,1,2,58,'Sticky 2 from Karan\n'),(1,0,9,59,'sub prbhat'),(1,1,12,61,'e@gmial.com'),(1,1,12,62,'sfsgdfkjaf'),(1,1,10,65,'dsfjahgsdhjkfgasdjf'),(1,1,10,66,'dsfjahgsdhjkfgasdjfsadfasdf'),(1,0,9,74,'hello kiranmai\n'),(1,0,9,75,'qwerty');
/*!40000 ALTER TABLE `wall` ENABLE KEYS */;
UNLOCK TABLES;

--
-- Table structure for table `workshopdetails`
--

DROP TABLE IF EXISTS `workshopdetails`;
/*!40101 SET @saved_cs_client     = @@character_set_client */;
/*!50503 SET character_set_client = utf8mb4 */;
CREATE TABLE `workshopdetails` (
  `workshopid` int NOT NULL AUTO_INCREMENT,
  `startflag` tinyint NOT NULL DEFAULT '0',
  PRIMARY KEY (`workshopid`)
) ENGINE=InnoDB DEFAULT CHARSET=latin1;
/*!40101 SET character_set_client = @saved_cs_client */;

--
-- Dumping data for table `workshopdetails`
--

LOCK TABLES `workshopdetails` WRITE;
/*!40000 ALTER TABLE `workshopdetails` DISABLE KEYS */;
/*!40000 ALTER TABLE `workshopdetails` ENABLE KEYS */;
UNLOCK TABLES;
/*!40103 SET TIME_ZONE=@OLD_TIME_ZONE */;

/*!40101 SET SQL_MODE=@OLD_SQL_MODE */;
/*!40014 SET FOREIGN_KEY_CHECKS=@OLD_FOREIGN_KEY_CHECKS */;
/*!40014 SET UNIQUE_CHECKS=@OLD_UNIQUE_CHECKS */;
/*!40101 SET CHARACTER_SET_CLIENT=@OLD_CHARACTER_SET_CLIENT */;
/*!40101 SET CHARACTER_SET_RESULTS=@OLD_CHARACTER_SET_RESULTS */;
/*!40101 SET COLLATION_CONNECTION=@OLD_COLLATION_CONNECTION */;
/*!40111 SET SQL_NOTES=@OLD_SQL_NOTES */;

-- Dump completed on 2021-11-26 14:07:07
